Label,AvgPredicted,AvgTrue
CCCCGCACCCACACGCGCGTGGAAGGGCCTGGATTC,0.5689835,0.82931936
TTAGAAAAATAGTTTAAAATCTAGAGTTAATTAACC,-0.12438446,0.30269414
AACCTAAAACAAAAAATCTATTATCTGATTGCAGGT,0.2749725,-0.07880484
GAGGAAGCAGCCCTCGCCCCTGTCGGTGGAAAGAAG,-0.03896746,-0.45863372
TCCTAAACAGGAAGCCATGAGGTGAGCAGAGACACT,0.2351404,0.23880222
GTACACAATTTTTTACAAAATTTAAATTAAAACAAA,-0.0025983274,-0.8626672
CAAAGGATCATGAAGATTGAGGTTTCCAGACCTTGC,0.10534676,0.092348926
CAGCCTGTTGTTGGCCAGATGGTCTGGGGTGAAACT,0.22057147,-0.18956946
CCGGCCGGGCCCGGCCGCGTGCGCGCGGGAGGCGGG,0.12421937,1.551962
GAAAACCAGCGAGACCGCATGGTCTCACTTATAAGT,0.14250049,1.4527112
CCAGCCTGGACCGCCCCTGTGGGCTCCACTCCCCTC,0.25260466,-0.837242
GGGCTAGCTCCGAGCCTCGTGCCCCGGCCTCCTCAG,0.3825684,-0.20390269
TCCCCTTGGGAAGAGCACGCGGCGTTGCCAGGCCAA,0.41289386,0.3580108
AGGTAGTTTTCATAGTTTTTTTTTTTTTAACTTTTT,-0.42670003,-0.2806194
TCCAGTGGCCCCAGGAGGGCCTGGGTGCTCCTCTGC,-0.25619125,-0.23950967
CTTTAGATTTTTTTCTTACCTTGTTCTAGCAATTAG,-0.46219367,-0.5115872
ACCAAAAAAAAAAAAAAAAAAAAAACTCATCCCCAA,-0.30510145,0.18042634
CCAATATTCCTTTGTGAGACCCTCCACAAATGCTAA,-0.325543,-0.6412419
CCGAGGAGGGCGGACCACGAGGTCAGGAGATGGAGA,0.70163536,1.5292604
CTGCGCAATACGCGGCACGCGCCAGGCCAAAGACTA,0.6228684,0.023120092
CTGTCCTCTCTCGCCCACGCTGCCTGGGAGGCGCGC,0.83346665,0.3090307
CACTCCACTCCAGTTCACTCTATTCAGTTCCACTCC,0.48631844,-0.7311496
ACATTTTTGGCCTGCAACGTGGGGACTCAAGAAGCA,0.825537,0.6140974
TGTGGAGCAAGGGAGACAGAAGCTCATTGGCTAGAG,-0.18353637,-0.72271866
TACCAGGCATAGGACATTTTCCTTTAATCCTAATAA,-0.25950608,-0.08224042
CTTAAAATGAAAACAAGTTTTCTAGCCACAGGAAGA,-0.03036955,-0.12032117
CCCGGCGAGTCCCGGCCACCCGGCGCAGCCCTGGGC,0.054394305,-0.72271866
GCGGGGTGGAGCGAGCACGCGGGCGGGGCGGGGCGG,1.2179986,1.3501717
CCTAGGATTCCCAGGCAGTTTTACAGCTACCCTGGA,-0.18882987,-0.84143496
GCCCCGGTCTTACTCCTGGGCCTCTGGATTTGGGCC,-0.18573108,-0.24643812
AATCAGAGAAACTCACACGCGGAGTTTTAAATAATG,1.0257471,2.0356603
GGTTACCCGGGCAACCGCATGGTCTCGCGATACATA,0.11009121,1.4477199
CCCCTTCTTAAACCCCATGCGGTCCCGGCCCGGGCC,0.43276662,1.7158086
AACCACTCGACTGACCTCGTGGTCAAATTCCTTACT,0.20553377,1.4721192
TAAGGGGTGACCCAGCCGCTGCAGAGCCAGGGAAGG,0.3004244,-0.71066475
