Name,SEQUENCE,Mean Intensity,Probe,Log Intensity,12mer,10mer,8mer,6mer
Unbound_Myc2_090,GTACACAATTTTTTACAAAATTTAAATTAAAACAAA,932,Unbound,6.837332814685591,TTACAAAATTTA,TACAAAATTT,ACAAAATT,CAAAAT
Unbound_Myc1_033,GCAGCCGAGGCGGAGAGAGAGAGAGGACAGCTTACG,1093,Unbound,6.996681488176539,GAGAGAGAGAGA,AGAGAGAGAG,GAGAGAGA,AGAGAG
Unbound_Myc1_128,AGGCCCAGGAAGAACAATGGCTCTGCCAACTGGGCA,1142,Unbound,7.040536390215956,AACAATGGCTCT,ACAATGGCTC,CAATGGCT,AATGGC
Unbound_Myc1_065,CTTCCTCACCTGCAGACTTCCTTCCCTGAGTCCCAG,1282,Unbound,7.156176637480615,CAGACTTCCTTC,AGACTTCCTT,GACTTCCT,ACTTCC
Unbound_Myc1_070,TGAGGGTCAGAGGCACCCCTTCCTGGAATCTCCTTC,1444,Unbound,7.275172319452771,GCACCCCTTCCT,CACCCCTTCC,ACCCCTTC,CCCCTT
Unbound_Myc2_075,TTACAGCGTTAAGTATGGGTTGAAAACCAACTTTCC,1611,Unbound,7.384610383176974,GTATGGGTTGAA,TATGGGTTGA,ATGGGTTG,TGGGTT
Bound_004417_001_000,GCCCTGGGAGGCCAACGCATGCCAGCTGAGGCAAGA,1788,Bound,7.488852955733459,CAACGCATGCCA,AACGCATGCC,ACGCATGC,CGCATG
Bound_002550_001_000,TGAAAGGCCTGTGGGCACGCGCCGCCCGCAGCCTTA,1892,Bound,7.545389749611823,GGGCACGCGCCG,GGCACGCGCC,GCACGCGC,CACGCG
Bound_023280_111_000,CCCAAGGAAAGTGTCCTCGTGCAGGGAGGACTGCCT,2163,Bound,7.679251425953058,GTCCTCGTGCAG,TCCTCGTGCA,CCTCGTGC,CTCGTG
Bound_020894_001_000,CGCGAGCTATATCTGCGCGTGGAGCTGAGTGACGTA,2354,Bound,7.763871287820222,CTGCGCGTGGAG,TGCGCGTGGA,GCGCGTGG,CGCGTG
Bound_013194_001_001,CCCTGCGCCTCTCTCCATGCGCACCCGCAGTTTTCA,2666,Bound,7.888334500738654,CTCCATGCGCAC,TCCATGCGCA,CCATGCGC,CATGCG
Bound_011161_001_000,CCCAACTGAGCCATACATGTGCAGCTTGAGATAAAA,2882,Bound,7.966239776559467,ATACATGTGCAG,TACATGTGCA,ACATGTGC,CATGTG
Unbound_Myc1_054,CCTAGGATTCCCAGGCAGTTTTACAGCTACCCTGGA,952,Unbound,6.858565034791365,AGGCAGTTTTAC,GGCAGTTTTA,GCAGTTTT,CAGTTT
Unbound_Myc1_132,TAAGGGGTGACCCAGCCGCTGCAGAGCCAGGGAAGG,1085,Unbound,6.98933526597456,CAGCCGCTGCAG,AGCCGCTGCA,GCCGCTGC,CCGCTG
Unbound_Myc1_027,TCTCTGGCCTCGGGTAACTTTTCCCTCCAGTTTGGT,1185,Unbound,7.077498053569231,GGTAACTTTTCC,GTAACTTTTC,TAACTTTT,AACTTT
Unbound_Myc2_013,GAATGAATGAATGAATTAGTGAATGAATGAATGAAT,1298,Unbound,7.168579897264035,GAATTAGTGAAT,AATTAGTGAA,ATTAGTGA,TTAGTG
Unbound_Myc2_078,AATTCTCAGTTGTAATTTCTCAACAGGATAGAGCTA,1403,Unbound,7.246368080102461,TAATTTCTCAAC,AATTTCTCAA,ATTTCTCA,TTTCTC
Unbound_Myc1_089,ACACCAAAGGTTGCGGCAGAGGGGCAAGTTTTGCAT,1500,Unbound,7.313220387090301,GCGGCAGAGGGG,CGGCAGAGGG,GGCAGAGG,GCAGAG
Unbound_Myc2_130,AGGTAGTTTTCATAGTTTTTTTTTTTTTAACTTTTT,1668,Unbound,7.419380582918692,TAGTTTTTTTTT,AGTTTTTTTT,GTTTTTTT,TTTTTT
Bound_003251_000_010,GGGGCACCTGGTGGGCACGCTGGGCCGAGTGACGGA,1914,Bound,7.5569505720129,GGGCACGCTGGG,GGCACGCTGG,GCACGCTG,CACGCT
Bound_010758_001_000,TGGGCGGTGCTCCGCAGCGTGGGCCTATGGGAAATG,2045,Bound,7.623153068476902,CGCAGCGTGGGC,GCAGCGTGGG,CAGCGTGG,AGCGTG
Bound_018128_111_111,GAAGCCTTGGGAAGGCACGAGGACGACAGGGTCTTC,2220,Bound,7.705262474866325,AGGCACGAGGAC,GGCACGAGGA,GCACGAGG,CACGAG
Bound_015117_100_000,GAAATCAGGCCCTTCCATGAGGTACATTTCAGCCCA,2524,Bound,7.8336002236611035,TTCCATGAGGTA,TCCATGAGGT,CCATGAGG,CATGAG
Bound_023270_001_001,TATGTAACGATCTTGCACATGTATGTTTGAACAAGA,2931,Bound,7.983098940710892,TTGCACATGTAT,TGCACATGTA,GCACATGT,CACATG
Unbound_Myc1_150,CCAGCCTGGACCGCCCCTGTGGGCTCCACTCCCCTC,956,Unbound,6.862757913051401,GCCCCTGTGGGC,CCCCTGTGGG,CCCTGTGG,CCTGTG
Unbound_Myc2_046,CACTCCACTCCAGTTCACTCTATTCAGTTCCACTCC,1063,Unbound,6.968850378341948,GTTCACTCTATT,TTCACTCTAT,TCACTCTA,CACTCT
Unbound_Myc1_068,CTCAGGCCCCAGGTCTCAGAGCCTGGTCTCAGGCCT,1135,Unbound,7.034387929915503,GTCTCAGAGCCT,TCTCAGAGCC,CTCAGAGC,TCAGAG
Unbound_Myc2_049,TAATTTAGAACAAGGGGCAGATAACGGTACATTAGA,1291,Unbound,7.1631723908466425,AGGGGCAGATAA,GGGGCAGATA,GGGCAGAT,GGCAGA
Unbound_Myc2_029,CCCATTTTTCATCTTTAAAATGAAGAAGATAAAGCC,1388,Unbound,7.23561914106675,CTTTAAAATGAA,TTTAAAATGA,TTAAAATG,TAAAAT
Unbound_Myc2_146,AAAATTGAGAAGTGATTAAAAAAAAAATTATGGCCT,1626,Unbound,7.3938782901077555,TGATTAAAAAAA,GATTAAAAAA,ATTAAAAA,TTAAAA
Unbound_Myc1_053,TCCAGTGGCCCCAGGAGGGCCTGGGTGCTCCTCTGC,1738,Unbound,7.460490305825338,AGGAGGGCCTGG,GGAGGGCCTG,GAGGGCCT,AGGGCC
Unbound_Myc1_100,TTTATAGCTGGCAGCTCTGCTGGCCTGTCTGTCCCT,1916,Unbound,7.557994958530806,AGCTCTGCTGGC,GCTCTGCTGG,CTCTGCTG,TCTGCT
Unbound_Myc2_015,GGAAATTGAGGTAAGAGCTATTTTTCCTTTAAACCT,2030,Unbound,7.615791072035833,AAGAGCTATTTT,AGAGCTATTT,GAGCTATT,AGCTAT
Bound_000459_001_000,TCCCCTTGGGAAGAGCACGCGGCGTTGCCAGGCCAA,3159,Bound,8.058010800802085,GAGCACGCGGCG,AGCACGCGGC,GCACGCGG,CACGCG
Bound_018401_011_001,GGAAGCTGTGAAATCCGCGTGCACACCCATCCCAAA,3448,Bound,8.145549631783584,ATCCGCGTGCAC,TCCGCGTGCA,CCGCGTGC,CGCGTG
Bound_005544_110_000,TCAGAAAGAATTGAGCACATGTCTGTAGACTTTTGC,3842,Bound,8.253748343328501,GAGCACATGTCT,AGCACATGTC,GCACATGT,CACATG
Bound_020985_011_000,GGTTTTCCCTTGACCCATGTGGGTGGGCTGGCGCAC,4423,Bound,8.394573477868327,ACCCATGTGGGT,CCCATGTGGG,CCATGTGG,CATGTG
Bound_002399_001_000,ACGGTGCGCGACCACCTCGTGGGCCGCTGGATCCGC,4895,Bound,8.49596955496461,CACCTCGTGGGC,ACCTCGTGGG,CCTCGTGG,CTCGTG
Bound_014611_101_100,AGGTCGCTCCCCGGCCATGCGGGCGCTGCGGGCCGG,5048,Bound,8.52674740422105,GGCCATGCGGGC,GCCATGCGGG,CCATGCGG,CATGCG
Bound_005774_110_000,TCACTGATTCACCACCGCATGGCCTGGGCGTTCCTT,5623,Bound,8.634620608292202,CACCGCATGGCC,ACCGCATGGC,CCGCATGG,CGCATG
Bound_002610_101_000,CACTACAAAAGCTCCCACGAGGGCGGCCGCCCCCAC,6562,Bound,8.789050713521046,TCCCACGAGGGC,CCCACGAGGG,CCACGAGG,CACGAG
Bound_016549_001_001,CTTGTCCACCGACTCCACGTGCCGGTTGCAGCGCCA,6842,Bound,8.830835365537549,CTCCACGTGCCG,TCCACGTGCC,CCACGTGC,CACGTG
Bound_011467_100_000,ACAGGTCCCGTCCGCCATGAGGTTGTCGATGTAGGC,3149,Bound,8.054840221101024,CGCCATGAGGTT,GCCATGAGGT,CCATGAGG,CATGAG
Bound_009412_001_000,TCAGCTCTTTGTCCCCACGTTGCCTTGCCCTGCCCT,3354,Bound,8.117908942383155,CCCCACGTTGCC,CCCACGTTGC,CCACGTTG,CACGTT
Bound_014111_100_000,TCTAACGTACAACACCTCATGGTTATTTTTATGAGT,3768,Bound,8.234299635696253,CACCTCATGGTT,ACCTCATGGT,CCTCATGG,CTCATG
Bound_016439_001_000,ACATTTTTGGCCTGCAACGTGGGGACTCAAGAAGCA,4081,Bound,8.314097335405807,TGCAACGTGGGG,GCAACGTGGG,CAACGTGG,AACGTG
Bound_002253_001_010,CTGTCCTCTCTCGCCCACGCTGCCTGGGAGGCGCGC,3008,Bound,8.00903068506973,GCCCACGCTGCC,CCCACGCTGC,CCACGCTG,CACGCT
Unbound_Myc2_147,TTAGAAAAATAGTTTAAAATCTAGAGTTAATTAACC,2989,Unbound,8.002694162283937,TTTAAAATCTAG,TTAAAATCTA,TAAAATCT,AAAATC
Bound_006509_001_000,CGGGTCCGGGGAAACCATGCGTGTCACGGCGCCACT,3099,Bound,8.038834757787749,AACCATGCGTGT,ACCATGCGTG,CCATGCGT,CATGCG
Bound_019636_111_101,GGTTCAATCAGGATCCACATGTTGAAAGCAAAGGCC,3586,Bound,8.184792654165078,ATCCACATGTTG,TCCACATGTT,CCACATGT,CACATG
Bound_005541_001_001,GAGACCCGCCTGACCCACATGGAGAAATGCCGTCTC,3976,Bound,8.288031567776464,ACCCACATGGAG,CCCACATGGA,CCACATGG,CACATG
Bound_011345_000_110,GAGGGCCCGTCTCAACATGTGCTTCTGCTGTCCTGG,4169,Bound,8.335431477880796,CAACATGTGCTT,AACATGTGCT,ACATGTGC,CATGTG
Bound_016818_001_000,CTATTGCCTTTTCTCCGCGTGGCCCCGCCTGCAGCC,4739,Bound,8.463581421967588,CTCCGCGTGGCC,TCCGCGTGGC,CCGCGTGG,CGCGTG
Bound_017778_111_000,CGCACTCACCAGCACCACGCGGGCTCCCCGGCCTCT,5272,Bound,8.570165076182343,CACCACGCGGGC,ACCACGCGGG,CCACGCGG,CACGCG
Bound_001208_001_000,GCTGCAGCAGGGCGCCATGTGCTGGAGCGCGCCTGC,5855,Bound,8.675051276031818,CGCCATGTGCTG,GCCATGTGCT,CCATGTGC,CATGTG
Bound_024812_111_111,CCGCTCGCCCATTCGCACATGGCTTCTCAAGGATCG,6586,Bound,8.792701462936309,TCGCACATGGCT,CGCACATGGC,GCACATGG,CACATG
Bound_016966_111_110,CGGGCCTCCCTCGGACACGTGCCCTCGTTAGCCTTG,7331,Bound,8.899867211223587,GGACACGTGCCC,GACACGTGCC,ACACGTGC,CACGTG
Bound_014262_001_000,AGCCGGGCTCCCAGGCACGTGGGTCTCTGCGGCTGC,7747,Bound,8.955060950631902,AGGCACGTGGGT,GGCACGTGGG,GCACGTGG,CACGTG
Bound_010837_001_000,GCTCCGGGAGGAAAACACGCGGAACAGCTGCCCACC,3257,Bound,8.088561805276234,AAACACGCGGAA,AACACGCGGA,ACACGCGG,CACGCG
Bound_024384_100_000,CAATTATCCAGAGAGCACGAGGCTCAAAGCCAAAAT,3439,Bound,8.142936010432265,GAGCACGAGGCT,AGCACGAGGC,GCACGAGG,CACGAG
Bound_005153_000_100,TGTGGACAGATCTGACATGTGGAGTGAGGGATGACT,3823,Bound,8.248790733696413,TGACATGTGGAG,GACATGTGGA,ACATGTGG,CATGTG
Bound_025642_001_101,GTTCCGTTTCGCTGCCTCGTGCTACCCCTACAGCCT,4212,Bound,8.345692873253865,TGCCTCGTGCTA,GCCTCGTGCT,CCTCGTGC,CTCGTG
Bound_010510_100_100,CCCCGCCGCAGAGCACGCATGGCGCGCAGCCATTGC,4471,Bound,8.405367376233981,GCACGCATGGCG,CACGCATGGC,ACGCATGG,CGCATG
Bound_005521_001_001,CCCCGCACCCACACGCGCGTGGAAGGGCCTGGATTC,5061,Bound,8.529319371214077,ACGCGCGTGGAA,CGCGCGTGGA,GCGCGTGG,CGCGTG
Bound_025370_111_000,GGCCCTCTTGCAGGGCACGTGCCGCACTCACCCCCT,5682,Bound,8.645058562414134,GGGCACGTGCCG,GGCACGTGCC,GCACGTGC,CACGTG
Bound_018412_111_101,CAGGAGCCAAGCCGGCACGTGTTGCTGGGTCCCATT,6306,Bound,8.749256840105007,CGGCACGTGTTG,GGCACGTGTT,GCACGTGT,CACGTG
Bound_001799_111_100,GCTCGGCCCCTCCCCCACGCGGTCCCGCTGGCTGTG,8839,Bound,9.086929027060949,CCCCACGCGGTC,CCCACGCGGT,CCACGCGG,CACGCG
Bound_011137_110_000,GTAACGCAGACTGCGCACATGGCTTCAATTAGCGGA,9090,Bound,9.114930187171524,GCGCACATGGCT,CGCACATGGC,GCACATGG,CACATG
Bound_005262_111_111,GGAGGAGACGAGGGCCACGTGCAGAGCCTTGGGTCC,10067,Bound,9.217018026729423,GGCCACGTGCAG,GCCACGTGCA,CCACGTGC,CACGTG
Bound_017242_001_000,CGCCCAGCCCTTGGCCGCGTGGCTTCTCCTGCAGGA,12077,Bound,9.399058096275375,GGCCGCGTGGCT,GCCGCGTGGC,CCGCGTGG,CGCGTG
Bound_013968_111_100,CCCCTTCTTAAACCCCATGCGGTCCCGGCCCGGGCC,12281,Bound,9.415808631610384,CCCCATGCGGTC,CCCATGCGGT,CCATGCGG,CATGCG
Bound_011514_010_000,ATCTGAGAGGTGTGCCATGTGGCCGGAGACTGTAGA,8939,Bound,9.098179005087852,TGCCATGTGGCC,GCCATGTGGC,CCATGTGG,CATGTG
Bound_023418_001_000,AACCACTCGACTGACCTCGTGGTCAAATTCCTTACT,9625,Bound,9.172119159155985,GACCTCGTGGTC,ACCTCGTGGT,CCTCGTGG,CTCGTG
Bound_021820_000_100,CCGAGGAGGGCGGACCACGAGGTCAGGAGATGGAGA,10191,Bound,9.229260256828693,GACCACGAGGTC,ACCACGAGGT,CCACGAGG,CACGAG
Bound_026311_001_001,GGTTACCCGGGCAACCGCATGGTCTCGCGATACATA,9393,Bound,9.147720009994515,AACCGCATGGTC,ACCGCATGGT,CCGCATGG,CGCATG
Bound_015710_110_000,CTTATGACAATGCACCATGTGCTTCTTATCTTATCA,8224,Bound,9.014811987694946,CACCATGTGCTT,ACCATGTGCT,CCATGTGC,CATGTG
Bound_016892_011_000,GTGTAATCCACCCGGCACGTGTTTAATCGGACTCCA,9040,Bound,9.109414453386222,CGGCACGTGTTT,GGCACGTGTT,GCACGTGT,CACGTG
Bound_021307_001_000,GAGCACTGTGACCTGCACGTGGGTTGGAAACCACTT,10734,Bound,9.281171552736774,CTGCACGTGGGT,TGCACGTGGG,GCACGTGG,CACGTG
Bound_021730_010_000,CTTCCCTGGGAGGGACACGTGGACCCCAAGAGTCCG,11847,Bound,9.37982994995476,GGACACGTGGAC,GACACGTGGA,ACACGTGG,CACGTG
Bound_016858_111_101,GCCTGGATAGAGCTCCACGTGTCCGACATCCTAGTC,12576,Bound,9.439545514668987,CTCCACGTGTCC,TCCACGTGTC,CCACGTGT,CACGTG
Bound_015323_010_000,ACAAGAATGAATTGACACGTGTCTCAGGAGTGCCAA,14567,Bound,9.586513975448948,TGACACGTGTCT,GACACGTGTC,ACACGTGT,CACGTG
Bound_006750_010_000,TGGCTGAGGCCACCCCACGTGGCCACACTGGGGCTT,16307,Bound,9.699349742461278,CCCCACGTGGCC,CCCACGTGGC,CCACGTGG,CACGTG
Bound_018604_000_001,AATCAGAGAAACTCACACGCGGAGTTTTAAATAATG,16910,Bound,9.735660441892627,TCACACGCGGAG,CACACGCGGA,ACACGCGG,CACGCG
Bound_019048_110_000,GAGCTTGGGTGTGGGCACGTGCCCTGGAATGGGTTG,8943,Bound,9.09862638234618,GGGCACGTGCCC,GGCACGTGCC,GCACGTGC,CACGTG
Bound_019494_110_000,CAGATTTCCCCTGACCACATGGTGAGGAGCCATTAA,9085,Bound,9.114379980830272,GACCACATGGTG,ACCACATGGT,CCACATGG,CACATG
Bound_001709_011_000,ATATCAGACATATGACACGTGCCAGGGACTGCGACA,10762,Bound,9.283776690049365,TGACACGTGCCA,GACACGTGCC,ACACGTGC,CACGTG
Bound_023312_001_000,GCGGGGTGGAGCGAGCACGCGGGCGGGGCGGGGCGG,8520,Bound,9.050171619823361,GAGCACGCGGGC,AGCACGCGGG,GCACGCGG,CACGCG
Bound_011516_001_001,CCGGCCGGGCCCGGCCGCGTGCGCGCGGGAGGCGGG,10425,Bound,9.251962046667002,GGCCGCGTGCGC,GCCGCGTGCG,CCGCGTGC,CGCGTG
Bound_000688_000_101,CCCCACTCACCCGGCCATGTGGTTTGGGACAGGGAA,8566,Bound,9.055556158175316,GGCCATGTGGTT,GCCATGTGGT,CCATGTGG,CATGTG
Bound_007288_010_000,CACCCTGAGCTTGAACACGTGCCTCCTTCAACTGCT,9033,Bound,9.108639817149843,GAACACGTGCCT,AACACGTGCC,ACACGTGC,CACGTG
Bound_008778_110_000,CCTCTGGATCAGCTCCACGTGCCTAGATTCAGACTC,10238,Bound,9.233861567017529,CTCCACGTGCCT,TCCACGTGCC,CCACGTGC,CACGTG
Bound_013452_101_000,GCGCTGCAGACATTGCACGTGGACTTCTGCCGCAAC,11654,Bound,9.363404747703019,TTGCACGTGGAC,TGCACGTGGA,GCACGTGG,CACGTG
Bound_002588_101_101,GGGCGCCGATTGGTCCGCGTGGACACATAAGAGGCT,12860,Bound,9.46187699779161,GTCCGCGTGGAC,TCCGCGTGGA,CCGCGTGG,CGCGTG
Bound_018910_111_001,CAGACCCGCGGCCCCCACGTGCGCACTCCGATGACC,14658,Bound,9.592741540485795,CCCCACGTGCGC,CCCACGTGCG,CCACGTGC,CACGTG
Bound_022967_001_000,CCTTTCCCAACCACCCGCGTGGGTGGCTCGGAAATC,16223,Bound,9.694185267410399,ACCCGCGTGGGT,CCCGCGTGGG,CCGCGTGG,CGCGTG
Bound_026773_010_001,GTGAGCTGCAGATGCCGCGTGGTATCTGAGCTTCAT,17183,Bound,9.751675801946746,TGCCGCGTGGTA,GCCGCGTGGT,CCGCGTGG,CGCGTG
Bound_005199_110_000,ATATTGTGTAGTTTCCACGTGCTCAGTATGACTAAT,18957,Bound,9.849928535441565,TTCCACGTGCTC,TCCACGTGCT,CCACGTGC,CACGTG
Bound_016686_111_111,TCTTCGCCCCTCCCCCACGTGCTCTCAAATTCCCTC,19984,Bound,9.90268723236536,CCCCACGTGCTC,CCCACGTGCT,CCACGTGC,CACGTG
Bound_005590_110_000,GGAAGGTCAGTGGACCACGTGCATCAGAATCAACAG,23173,Bound,10.050743086817882,GACCACGTGCAT,ACCACGTGCA,CCACGTGC,CACGTG
